City_ID,City,Country,Date,Lat,Lng,Max Temp,Humidity,Cloudiness,Wind Speed
0,Bluff,NZ,2022-04-13 10:38:00,-46.6,168.3333,7.11,75,56,5.42
1,Zhaotong,CN,2022-04-13 10:38:00,27.3167,103.7167,20.06,58,38,2.52
2,Severo-Kurilsk,RU,2022-04-13 10:38:01,50.6789,156.125,-1.44,88,100,4.87
3,Saint-Philippe,RE,2022-04-13 10:38:01,-21.3585,55.7679,25.77,86,84,6.39
4,Port Alfred,ZA,2022-04-13 10:38:01,-33.5906,26.891,25.1,76,5,2.24
5,Tuktoyaktuk,CA,2022-04-13 10:38:02,69.4541,-133.0374,-10.48,91,100,6.92
6,Grand-Santi,GF,2022-04-13 10:38:02,4.25,-54.3833,23.03,97,83,1.13
7,Bredasdorp,ZA,2022-04-13 10:38:02,-34.5322,20.0403,24.55,53,34,5.53
8,Aksu,CN,2022-04-13 10:38:02,41.1231,80.2644,24.73,15,53,1.88
9,Jamestown,US,2022-04-13 10:38:03,42.097,-79.2353,15.77,62,100,4.12
10,Athabasca,CA,2022-04-13 10:38:03,54.7169,-113.2854,-13.77,80,91,3.56
11,Shimoda,JP,2022-04-13 10:38:03,34.6667,138.95,20.06,96,76,3.34
12,Badou,TG,2022-04-13 10:38:04,7.5833,0.6,30.19,49,100,0.61
13,Ushuaia,AR,2022-04-13 10:38:04,-54.8,-68.3,5.81,70,40,11.83
14,Rundu,NA,2022-04-13 10:38:04,-17.9333,19.7667,28.82,38,92,2.4
15,Khatanga,RU,2022-04-13 10:38:05,71.9667,102.5,-6.8,95,100,4.49
16,Pacific Grove,US,2022-04-13 10:36:41,36.6177,-121.9166,7.46,84,5,1.79
17,Caraballeda,VE,2022-04-13 10:38:05,10.6112,-66.8522,23.04,88,40,2.57
18,Lugazi,UG,2022-04-13 10:38:05,0.3772,32.9197,28.82,42,84,1.7
19,Itaituba,BR,2022-04-13 10:38:06,-4.2761,-55.9836,23.55,98,100,0.67
20,Petropavlovsk-Kamchatskiy,RU,2022-04-13 10:38:06,53.0452,158.6483,-0.67,64,0,1.0
21,Voh,NC,2022-04-13 10:38:06,-20.9667,164.7,21.32,80,1,1.58
22,Nabire,ID,2022-04-13 10:34:33,-3.3667,135.4833,26.31,86,98,0.35
23,Kotovo,RU,2022-04-13 10:38:07,50.3211,44.8012,12.7,78,100,8.02
24,Mahebourg,MU,2022-04-13 10:38:07,-20.4081,57.7,28.47,74,40,7.2
25,General Roca,AR,2022-04-13 10:38:07,-39.0333,-67.5833,9.23,39,6,2.16
26,Coquimbo,CL,2022-04-13 10:36:46,-29.9533,-71.3436,10.85,93,100,2.06
27,Tura,IN,2022-04-13 10:38:08,25.5198,90.2201,28.1,71,97,1.46
28,Georgetown,MY,2022-04-13 10:37:32,5.4112,100.3354,30.96,78,20,3.6
29,Miquelon,PM,2022-04-13 10:38:08,47.0975,-56.3814,2.0,79,100,6.24
30,Katsuura,JP,2022-04-13 10:33:15,35.1333,140.3,18.45,95,87,4.68
31,Buraydah,SA,2022-04-13 10:38:09,26.326,43.975,29.25,12,98,3.65
32,Moron,AR,2022-04-13 10:38:09,-34.6534,-58.6198,11.86,80,0,2.55
33,Saskylakh,RU,2022-04-13 10:38:09,71.9167,114.0833,-19.65,98,84,3.01
34,Rikitea,PF,2022-04-13 10:38:09,-23.1203,-134.9692,25.86,70,6,8.3
35,Saravena,CO,2022-04-13 10:38:10,6.9538,-71.8752,22.0,86,100,1.94
36,Konnur,IN,2022-04-13 10:38:10,16.2,74.75,36.0,16,100,3.62
37,Eaglesfield,GB,2022-04-13 10:38:10,54.6406,-3.4044,8.74,97,100,1.79
38,Mataura,NZ,2022-04-13 10:38:11,-46.1927,168.8643,6.93,97,29,0.56
39,Ahipara,NZ,2022-04-13 10:38:11,-35.1667,173.1667,17.27,80,86,4.75
40,Tasiilaq,GL,2022-04-13 10:38:11,65.6145,-37.6368,-1.91,64,100,3.6
41,Nishihara,JP,2022-04-13 10:38:12,26.1842,127.7558,23.6,89,40,6.17
42,Villiers,ZA,2022-04-13 10:38:12,-27.0303,28.6006,20.86,42,0,6.23
43,Hithadhoo,MV,2022-04-13 10:38:12,-0.6,73.0833,29.13,70,14,6.01
44,Pemba,MZ,2022-04-13 10:38:13,-12.974,40.5178,29.39,79,75,4.12
45,Kodiak,US,2022-04-13 10:38:13,57.79,-152.4072,3.73,70,100,4.63
46,Albany,US,2022-04-13 10:37:48,42.6001,-73.9662,6.23,60,97,1.5
47,Upernavik,GL,2022-04-13 10:39:13,72.7868,-56.1549,-15.61,93,100,4.03
48,Avarua,CK,2022-04-13 10:39:14,-21.2078,-159.775,24.03,100,100,0.51
49,Kaitangata,NZ,2022-04-13 10:39:14,-46.2817,169.8464,6.95,91,17,1.68
50,Beringovskiy,RU,2022-04-13 10:39:14,63.05,179.3167,-3.87,96,100,7.08
51,Payakumbuh,ID,2022-04-13 10:39:15,-0.2202,100.6308,23.53,94,93,1.06
52,Vaini,TO,2022-04-13 10:39:15,-21.2,-175.2,25.09,94,20,1.54
53,Coahuayana,MX,2022-04-13 10:39:15,18.7333,-103.6833,21.81,72,95,0.86
54,Pinotepa Nacional,MX,2022-04-13 10:38:02,16.3167,-98.0167,22.88,85,73,0.8
55,Rabo De Peixe,PT,2022-04-13 10:39:16,37.8,-25.5833,15.73,88,75,6.17
56,Punta Arenas,CL,2022-04-13 10:39:03,-53.15,-70.9167,8.06,81,40,7.72
57,Lebu,CL,2022-04-13 10:39:16,-37.6167,-73.65,8.98,83,53,7.54
58,Beloha,MG,2022-04-13 10:39:16,-25.1667,45.05,34.11,27,40,3.35
59,Armacao De Pera,PT,2022-04-13 10:39:17,37.1026,-8.357,17.83,68,3,3.2
60,Provideniya,RU,2022-04-13 10:39:17,64.3833,-173.3,-7.42,91,96,8.09
61,Sao Filipe,CV,2022-04-13 10:39:17,14.8961,-24.4956,21.99,72,54,4.24
62,Tiarei,PF,2022-04-13 10:39:18,-17.5333,-149.3333,25.01,77,10,7.69
63,Cardston,CA,2022-04-13 10:39:18,49.2,-113.3019,-10.84,85,100,4.12
64,Cape Town,ZA,2022-04-13 10:39:18,-33.9258,18.4232,24.51,71,40,4.63
65,Butaritari,KI,2022-04-13 10:39:19,3.0707,172.7902,27.7,78,13,6.37
66,Murray Bridge,AU,2022-04-13 10:39:19,-35.1167,139.2667,18.52,31,0,2.7
67,Yellowknife,CA,2022-04-13 10:36:57,62.456,-114.3525,-20.71,77,0,2.06
68,Raudeberg,NO,2022-04-13 10:39:19,61.9875,5.1352,8.37,61,100,3.27
69,Carnarvon,AU,2022-04-13 10:39:20,-24.8667,113.6333,25.04,53,0,8.23
70,Sola,VU,2022-04-13 10:39:20,-13.8833,167.55,28.15,74,23,6.12
71,Dikson,RU,2022-04-13 10:39:20,73.5069,80.5464,-0.88,91,99,8.32
72,Dhidhdhoo,MV,2022-04-13 10:39:21,6.8833,73.1,29.38,69,52,5.01
73,Kapaa,US,2022-04-13 10:35:13,22.0752,-159.319,23.99,95,40,4.63
74,Bow Island,CA,2022-04-13 10:39:21,49.8668,-111.3684,-7.84,86,100,2.57
75,Saint George,US,2022-04-13 10:38:24,37.1041,-113.5841,4.24,28,0,2.06
76,Isangel,VU,2022-04-13 10:39:21,-19.55,169.2667,25.55,84,8,2.61
77,Praya,CV,2022-04-13 10:39:22,14.9215,-23.5087,22.3,64,20,9.77
78,Arraial Do Cabo,BR,2022-04-13 10:39:22,-22.9661,-42.0278,24.92,88,0,5.66
79,New Norfolk,AU,2022-04-13 10:39:23,-42.7826,147.0587,13.73,58,67,0.45
80,Harrison,US,2022-04-13 10:39:23,30.4091,-89.0436,23.04,88,75,4.63
81,Norman Wells,CA,2022-04-13 10:39:23,65.282,-126.8329,-12.98,56,0,2.57
82,Woodward,US,2022-04-13 10:39:23,36.4337,-99.3904,9.57,27,0,8.23
83,Airai,TL,2022-04-13 10:39:24,-8.9266,125.4092,16.5,95,100,1.02
84,Sorland,NO,2022-04-13 10:39:24,67.667,12.6934,2.41,80,94,3.98
85,Erzin,TR,2022-04-13 10:39:24,36.9559,36.2,15.73,30,0,3.62
86,Bilma,NE,2022-04-13 10:39:25,18.6853,12.9164,39.63,5,8,8.03
87,Pokhara,NP,2022-04-13 10:39:25,28.2333,83.9833,28.35,47,69,2.3
88,Kendari,ID,2022-04-13 10:39:25,-3.945,122.4989,25.62,87,100,1.31
89,Mabaruma,GY,2022-04-13 10:40:25,8.2,-59.7833,23.93,86,10,0.95
90,Weligama,LK,2022-04-13 10:40:26,5.9667,80.4167,26.26,87,100,4.08
91,Port Macquarie,AU,2022-04-13 10:40:26,-31.4333,152.9167,16.94,94,75,2.06
92,Fort Nelson,CA,2022-04-13 10:40:26,58.8053,-122.7002,-17.23,71,0,1.54
93,Ponta Do Sol,PT,2022-04-13 10:40:27,32.6667,-17.1,20.95,75,88,0.38
94,Barrow,US,2022-04-13 10:40:27,71.2906,-156.7887,-19.99,77,0,2.57
95,Mackay,AU,2022-04-13 10:40:27,-21.15,149.2,25.99,73,40,5.66
96,Thompson,CA,2022-04-13 10:37:09,55.7435,-97.8558,-5.91,86,100,6.17
97,Mbaiki,CF,2022-04-13 10:40:28,3.8678,17.9892,34.52,37,81,1.88
98,Busselton,AU,2022-04-13 10:40:28,-33.65,115.3333,17.14,68,0,7.33
99,Baoning,CN,2022-04-13 10:40:29,25.3378,110.026,24.92,50,75,8.0
100,Mafinga,TZ,2022-04-13 10:40:29,-7.25,35.0667,30.18,41,17,2.72
101,Ixtapa,MX,2022-04-13 10:40:29,20.7,-105.2,20.23,83,24,0.92
102,Lagoa,PT,2022-04-13 10:40:30,39.05,-27.9833,16.38,83,89,15.82
103,Sabang,ID,2022-04-13 10:40:30,5.8933,95.3214,29.33,68,52,3.66
104,Jalu,LY,2022-04-13 10:40:30,29.0331,21.5482,25.82,16,56,7.03
105,Gornopravdinsk,RU,2022-04-13 10:40:30,60.05,69.9,8.12,81,99,3.47
106,Oranjemund,NA,2022-04-13 10:40:31,-28.55,16.4333,19.39,70,2,4.94
107,Cabo San Lucas,MX,2022-04-13 10:40:31,22.8909,-109.9124,20.28,64,7,5.56
108,Huilong,CN,2022-04-13 10:40:31,31.8111,121.655,13.29,97,100,11.53
109,Nurota,UZ,2022-04-13 10:40:32,40.5614,65.6886,26.31,28,0,3.16
110,Puerto Ayora,EC,2022-04-13 10:40:32,-0.7393,-90.3518,24.46,90,84,2.48
111,Gwanda,ZW,2022-04-13 10:40:32,-20.9333,29.0,32.12,24,18,0.72
112,Wiarton,CA,2022-04-13 10:40:33,44.7407,-81.1332,6.94,93,100,7.2
113,Kardla,EE,2022-04-13 10:40:33,58.9978,22.7492,7.86,54,100,0.51
114,Cherskiy,RU,2022-04-13 10:40:33,68.75,161.3,-19.32,96,77,2.53
115,Bethel,US,2022-04-13 10:40:34,41.3712,-73.414,10.64,72,20,0.0
116,Marzuq,YE,2022-04-13 10:40:34,14.4,46.4667,33.18,11,0,8.14
117,Acajutla,SV,2022-04-13 10:40:34,13.5928,-89.8275,26.72,77,44,1.84
118,Aklavik,CA,2022-04-13 10:40:34,68.2191,-135.0107,-8.15,91,100,5.7
119,Nikolskoye,RU,2022-04-13 10:40:35,59.7035,30.7861,9.95,56,8,3.64
120,Geraldton,AU,2022-04-13 10:40:35,-28.7667,114.6,21.23,68,0,7.72
121,Izazi,TZ,2022-04-13 10:40:35,-7.2,35.7333,31.5,42,64,2.8
122,Longyearbyen,SJ,2022-04-13 10:36:05,78.2186,15.6401,-5.09,80,75,2.06
123,Lakes Entrance,AU,2022-04-13 10:40:36,-37.8811,147.981,13.47,88,0,2.66
124,Palembang,ID,2022-04-13 10:40:36,-2.9167,104.7458,29.05,74,75,8.23
125,Thunder Bay,CA,2022-04-13 10:39:45,48.4001,-89.3168,2.94,84,100,8.23
126,Tuatapere,NZ,2022-04-13 10:40:36,-46.1333,167.6833,7.32,91,43,1.14
127,Zheshart,RU,2022-04-13 10:40:37,62.0731,49.5733,5.86,95,100,2.75
128,Yanji,CN,2022-04-13 10:40:37,42.9075,129.5078,7.93,35,67,1.55
129,Cidreira,BR,2022-04-13 10:40:37,-30.1811,-50.2056,21.12,86,100,3.72
130,Victoria,HK,2022-04-13 10:36:04,22.2855,114.1577,27.88,78,23,2.24
131,Acapulco,MX,2022-04-13 10:36:27,16.8634,-99.8901,23.9,88,100,1.03
132,Xuddur,SO,2022-04-13 10:40:38,4.1213,43.8894,36.19,26,39,4.05
133,Paamiut,GL,2022-04-13 10:41:38,61.994,-49.6678,-2.64,76,70,6.12
134,Konstantinovo,BY,2022-04-13 10:41:38,54.6628,29.2699,9.47,45,100,6.3
135,Kefamenanu,ID,2022-04-13 10:41:39,-9.4467,124.4781,22.34,90,89,0.83
136,Husavik,IS,2022-04-13 10:41:39,66.0449,-17.3389,0.82,76,14,4.57
137,Hamadan,IR,2022-04-13 10:41:39,34.7992,48.5146,22.49,7,0,8.23
138,Mercedes,AR,2022-04-13 10:41:40,-34.6515,-59.4307,5.99,80,0,2.7
139,Dongsheng,CN,2022-04-13 10:41:40,39.8161,109.9776,7.01,18,96,2.31
140,Calama,CL,2022-04-13 10:41:40,-22.4667,-68.9333,1.27,47,0,8.75
141,Oktyabrskiy,RU,2022-04-13 10:41:40,54.4815,53.471,11.38,63,93,2.93
142,Namibe,AO,2022-04-13 10:41:41,-15.1961,12.1522,27.88,67,2,4.33
143,Dingle,PH,2022-04-13 10:41:41,10.9995,122.6711,24.77,86,100,0.69
144,Puerto Madryn,AR,2022-04-13 10:37:54,-42.7692,-65.0385,10.91,61,36,6.52
145,Ancud,CL,2022-04-13 10:41:41,-41.8697,-73.8203,7.46,91,63,1.58
146,Ambilobe,MG,2022-04-13 10:41:42,-13.2,49.05,32.34,53,36,3.57
147,Tevriz,RU,2022-04-13 10:41:42,57.509,72.4042,9.27,81,16,3.19
148,Vallenar,CL,2022-04-13 10:41:42,-28.5708,-70.7581,13.26,74,0,0.97
149,Tautira,PF,2022-04-13 10:41:43,-17.7333,-149.15,27.02,78,20,7.4
150,Kruisfontein,ZA,2022-04-13 10:37:08,-34.0033,24.7314,25.96,40,3,5.68
151,Atuona,PF,2022-04-13 10:41:43,-9.8,-139.0333,25.74,82,59,7.71
152,Shache,CN,2022-04-13 10:41:43,38.4167,77.2406,25.6,14,100,3.47
153,Sawakin,SD,2022-04-13 10:41:44,19.1059,37.3321,30.29,60,23,5.89
154,Mosquera,CO,2022-04-13 10:41:44,4.7059,-74.2302,11.05,82,40,2.57
155,Voznesenye,RU,2022-04-13 10:41:44,61.0106,35.4781,2.68,95,100,2.33
156,Ribeira Grande,PT,2022-04-13 10:41:45,38.5167,-28.7,17.22,88,75,12.86
157,Hami,CN,2022-04-13 10:41:45,42.8,93.45,18.04,5,72,3.84
158,Tirau,NZ,2022-04-13 10:41:45,-37.9833,175.75,15.2,83,100,2.19
159,Pisco,PE,2022-04-13 10:41:45,-13.7,-76.2167,16.12,82,8,1.54
160,Sanming,CN,2022-04-13 10:41:46,26.2486,117.6186,20.97,94,92,2.06
161,Broome,US,2022-04-13 10:41:46,42.2506,-75.833,9.74,65,100,2.57
162,Mount Hagen,PG,2022-04-13 10:41:46,-5.8581,144.2274,15.79,99,97,0.63
163,Sitka,US,2022-04-13 10:41:47,57.0531,-135.33,2.94,28,0,1.54
164,Grand Gaube,MU,2022-04-13 10:41:47,-20.0064,57.6608,28.54,76,16,4.47
165,Rovaniemi,FI,2022-04-13 10:41:47,66.5,25.7167,4.67,56,20,3.6
166,Juneau,US,2022-04-13 10:40:54,58.3019,-134.4197,1.0,61,0,6.69
167,Port Elizabeth,ZA,2022-04-13 10:41:48,-33.918,25.5701,24.16,66,20,6.17
168,Trelew,AR,2022-04-13 10:41:48,-43.249,-65.3051,9.81,63,36,4.48
169,Qaanaaq,GL,2022-04-13 10:41:48,77.484,-69.3632,-17.97,97,100,1.06
170,Cabedelo,BR,2022-04-13 10:41:49,-6.9811,-34.8339,26.37,70,84,1.43
171,Comarapa,BO,2022-04-13 10:41:49,-17.9,-64.4833,14.79,94,85,0.65
172,Klaksvik,FO,2022-04-13 10:41:49,62.2266,-6.589,7.51,91,100,7.0
173,Porto Novo,BJ,2022-04-13 10:41:49,6.4965,2.6036,28.9,70,100,3.51
174,Garissa,KE,2022-04-13 10:41:50,-0.4536,39.6401,34.92,40,96,6.48
175,Batemans Bay,AU,2022-04-13 10:41:50,-35.7167,150.1833,13.37,86,2,1.68
176,Callaway,US,2022-04-13 10:41:50,30.153,-85.5699,19.39,94,75,2.06
177,Yar-Sale,RU,2022-04-13 10:42:51,66.8333,70.8333,1.65,100,100,1.68
178,Alexander City,US,2022-04-13 10:42:51,32.944,-85.9539,18.88,77,0,2.06
179,Nikolayevsk-Na-Amure,RU,2022-04-13 10:42:51,53.1406,140.73,-10.36,95,55,0.18
180,Chuy,UY,2022-04-13 10:42:52,-33.6971,-53.4616,14.76,63,68,2.38
181,Guerrero Negro,MX,2022-04-13 10:42:52,27.9769,-114.0611,13.36,71,4,5.73
182,Manjacaze,MZ,2022-04-13 10:42:52,-24.7117,33.8828,32.38,46,56,3.84
183,Krasnoselkup,RU,2022-04-13 10:42:53,65.7,82.4667,1.46,100,100,7.5
184,Acarau,BR,2022-04-13 10:42:53,-2.8856,-40.12,26.81,81,51,3.09
185,Kununurra,AU,2022-04-13 10:42:53,-15.7667,128.7333,30.99,70,87,0.0
186,Eslov,SE,2022-04-13 10:42:53,55.8393,13.3039,13.82,51,100,7.02
187,Vestmannaeyjar,IS,2022-04-13 10:38:33,63.4427,-20.2734,6.55,87,40,13.89
188,East London,ZA,2022-04-13 10:41:51,-33.0153,27.9116,25.52,78,0,4.12
189,Gold Coast,AU,2022-04-13 10:42:20,-28.0,153.4333,20.0,92,100,4.12
190,Hamilton,US,2022-04-13 10:41:11,39.1834,-84.5333,18.75,86,0,4.63
191,Ewa Beach,US,2022-04-13 10:42:54,21.3156,-158.0072,23.97,72,0,5.14
192,Saldanha,ZA,2022-04-13 10:42:54,-33.0117,17.9442,22.03,82,87,5.98
193,Zephyrhills,US,2022-04-13 10:39:08,28.2336,-82.1812,19.54,87,0,2.86
194,Verkhoyansk,RU,2022-04-13 10:42:55,67.5447,133.385,-12.26,98,100,0.87
195,Finnsnes,NO,2022-04-13 10:42:55,69.2296,17.9811,7.34,82,100,1.7
196,Limbe,CM,2022-04-13 10:42:55,4.0242,9.2149,26.51,83,100,1.58
197,Mar Del Plata,AR,2022-04-13 10:42:06,-38.0023,-57.5575,10.49,79,0,2.24
198,Lorengau,PG,2022-04-13 10:42:56,-2.0226,147.2712,27.56,79,23,3.36
199,Dakar,SN,2022-04-13 10:38:00,14.6937,-17.4441,22.49,88,40,6.17
200,Hobart,AU,2022-04-13 10:41:21,-42.8794,147.3294,13.92,74,0,2.06
201,Torbay,CA,2022-04-13 10:42:56,47.6666,-52.7314,1.99,89,100,9.26
202,Avera,US,2022-04-13 10:42:56,33.194,-82.5271,15.73,91,93,3.3
203,Shenjiamen,CN,2022-04-13 10:42:57,29.9576,122.298,17.08,97,97,4.22
204,Novopokrovka,UA,2022-04-13 10:42:57,49.8425,36.5477,14.74,67,100,7.14
205,Fortuna,US,2022-04-13 10:42:57,40.5982,-124.1573,7.19,93,100,3.6
206,Victor Harbor,AU,2022-04-13 10:42:58,-35.5667,138.6167,18.71,60,0,2.9
207,Raga,SS,2022-04-13 10:42:58,8.4596,25.678,40.12,17,16,2.77
208,Kiama,AU,2022-04-13 10:42:58,-34.6833,150.8667,16.32,94,70,0.45
209,Luangwa,ZM,2022-04-13 10:42:59,-15.6167,30.4167,32.08,44,27,2.71
210,Kaeo,NZ,2022-04-13 10:42:59,-35.1,173.7833,16.29,89,92,3.45
211,Llanelli,GB,2022-04-13 10:42:59,51.682,-4.1619,13.25,95,75,5.14
212,Clyde River,CA,2022-04-13 10:42:59,70.4692,-68.5914,-24.87,77,100,2.06
213,Hilo,US,2022-04-13 10:41:10,19.7297,-155.09,22.36,90,100,3.6
214,Neiafu,TO,2022-04-13 10:43:00,-18.65,-173.9833,27.55,70,24,3.97
215,Nanakuli,US,2022-04-13 10:43:00,21.3906,-158.1547,23.97,68,0,1.54
216,Igarka,RU,2022-04-13 10:43:00,67.4667,86.5833,0.24,100,100,2.96
217,Kayanga,TZ,2022-04-13 10:43:01,-1.5303,31.1511,23.48,59,96,1.73
218,San Andres,CO,2022-04-13 10:43:01,12.5847,-81.7006,27.01,78,20,4.12
219,Honiara,SB,2022-04-13 10:39:18,-9.4333,159.95,25.21,82,61,2.7
220,Waddan,LY,2022-04-13 10:43:01,29.1614,16.139,29.27,12,75,7.73
221,Katherine,AU,2022-04-13 10:43:02,-14.4667,132.2667,31.18,55,75,7.72
222,Togur,RU,2022-04-13 10:43:02,58.3631,82.8265,3.63,97,95,1.56
223,Tamandare,BR,2022-04-13 10:43:15,-8.7597,-35.1047,26.72,78,36,1.28
224,Adrar,MR,2022-04-13 10:44:02,20.5022,-10.0711,29.2,17,27,6.23
225,Behbahan,IR,2022-04-13 10:44:03,30.5959,50.2417,36.1,10,8,4.21
226,Hasaki,JP,2022-04-13 10:44:03,35.7333,140.8333,21.27,92,99,4.3
227,Bathsheba,BB,2022-04-13 10:44:03,13.2167,-59.5167,25.34,78,40,8.75
228,Moindou,NC,2022-04-13 10:44:04,-21.6924,165.677,23.33,73,15,0.72
229,Bara,NG,2022-04-13 10:44:04,10.3744,10.7288,32.88,31,70,3.52
230,Bambous Virieux,MU,2022-04-13 10:44:04,-20.3428,57.7575,28.45,74,40,7.2
231,Iberia,US,2022-04-13 10:44:05,29.9502,-91.7507,23.04,88,0,6.69
232,Sisimiut,GL,2022-04-13 10:44:05,66.9395,-53.6735,-6.29,78,36,4.45
233,Port Hardy,CA,2022-04-13 10:42:16,50.6996,-127.4199,5.0,75,20,6.17
234,Mehamn,NO,2022-04-13 10:44:05,71.0357,27.8492,0.97,64,75,5.14
235,Bud,US,2022-04-13 10:44:06,39.447,-86.1758,20.5,83,100,7.61
236,Lasa,IT,2022-04-13 10:44:06,46.6166,10.7002,13.72,79,98,1.64
237,Taltal,CL,2022-04-13 10:44:06,-25.4,-70.4833,14.78,79,3,0.69
238,Tselinnoye,RU,2022-04-13 10:44:07,53.0833,85.6667,9.23,55,61,5.44
239,Mahon,ES,2022-04-13 10:44:07,39.8885,4.2658,14.31,94,75,6.17
240,Tezu,IN,2022-04-13 10:44:07,27.9167,96.1667,25.23,72,97,1.93
241,Lompoc,US,2022-04-13 10:44:08,34.6391,-120.4579,7.4,67,0,8.94
242,Pechora,RU,2022-04-13 10:44:08,65.1472,57.2244,1.36,100,100,1.6
243,Concepcion Del Oro,MX,2022-04-13 10:44:08,24.6333,-101.4167,11.59,30,4,1.85
244,Flinders,AU,2022-04-13 10:44:08,-34.5833,150.8552,16.21,92,73,2.68
245,Olinda,BR,2022-04-13 10:44:09,-8.0089,-34.8553,25.85,83,40,1.03
246,Seguela,CI,2022-04-13 10:44:09,7.9611,-6.6731,33.22,47,54,1.16
247,Takaka,NZ,2022-04-13 10:44:09,-40.85,172.8,15.87,83,68,1.14
248,Chapais,CA,2022-04-13 10:44:10,49.7834,-74.8492,-6.12,97,67,1.56
249,Puiesti,RO,2022-04-13 10:44:10,46.4167,27.5,14.38,35,3,10.2
250,Ketchikan,US,2022-04-13 10:44:10,55.3422,-131.6461,2.99,47,0,0.0
251,Vardo,NO,2022-04-13 10:44:11,70.3705,31.1107,-1.01,74,40,5.14
252,Bitung,ID,2022-04-13 10:44:11,1.4451,125.1824,27.47,82,95,1.41
253,Fairbanks,US,2022-04-13 10:42:57,64.8378,-147.7164,-1.33,73,0,1.54
254,High Level,CA,2022-04-13 10:40:20,58.5169,-117.136,-15.94,72,0,2.06
255,Del Rio,US,2022-04-13 10:39:38,29.3627,-100.8968,26.06,58,0,5.66
256,Sioux Lookout,CA,2022-04-13 10:39:42,50.1001,-91.917,0.04,59,100,3.6
257,Cayenne,GF,2022-04-13 10:44:12,4.9333,-52.3333,27.27,1,75,3.58
258,Alseseca,MX,2022-04-13 10:44:12,20.2314,-98.0444,19.14,45,100,3.09
259,Vostok,RU,2022-04-13 10:44:12,46.4856,135.8833,-3.67,96,95,1.15
260,Iqaluit,CA,2022-04-13 10:44:13,63.7506,-68.5145,-20.15,76,20,7.72
261,Walvis Bay,NA,2022-04-13 10:44:13,-22.9575,14.5053,23.53,49,99,2.06
262,Omboue,GA,2022-04-13 10:44:13,-1.5746,9.2618,29.79,65,99,3.03
263,Laguna,US,2022-04-13 10:44:13,38.421,-121.4238,6.92,81,0,2.06
264,Kindu,CD,2022-04-13 10:44:14,-2.95,25.95,34.88,39,94,1.31
265,Balikpapan,ID,2022-04-13 10:44:14,-1.2675,116.8289,27.55,89,20,0.51
266,Mango,US,2022-04-13 10:44:14,27.9797,-82.3065,21.17,91,0,0.0
267,Havoysund,NO,2022-04-13 10:44:15,70.9963,24.6622,2.13,66,64,2.47
268,Hofn,IS,2022-04-13 10:44:15,64.2539,-15.2082,5.01,75,100,5.14
269,Camana,PE,2022-04-13 10:44:15,-16.6228,-72.7111,18.06,86,62,3.45
270,Curanilahue,CL,2022-04-13 10:44:16,-37.4667,-73.35,5.97,66,50,1.84
271,Chokurdakh,RU,2022-04-13 10:44:16,70.6333,147.9167,-24.87,100,50,1.62
272,San Luis,AR,2022-04-13 10:45:16,-33.295,-66.3356,9.55,28,5,1.99
273,Kurchum,KZ,2022-04-13 10:41:19,48.5722,83.6542,13.94,31,0,2.79
274,Lilongwe,MW,2022-04-13 10:43:34,-13.9669,33.7873,24.11,78,75,5.66
275,Rio Gallegos,AR,2022-04-13 10:42:33,-51.6226,-69.2181,8.03,53,75,5.66
276,Zhigansk,RU,2022-04-13 10:45:17,66.7697,123.3711,-10.78,92,89,4.55
277,Kerchevskiy,RU,2022-04-13 10:45:17,59.946,56.2884,6.57,95,89,1.83
278,Batasan,PH,2022-04-13 10:45:17,12.7667,120.7833,27.48,77,100,2.27
279,Coroico,BO,2022-04-13 10:45:18,-16.1889,-67.7271,15.19,77,81,1.8
280,Castro,BR,2022-04-13 10:45:18,-24.7911,-50.0119,17.87,98,95,1.29
281,Iquique,CL,2022-04-13 10:42:14,-20.2208,-70.1431,15.02,79,30,1.91
282,Portland,US,2022-04-13 10:41:34,45.5234,-122.6762,3.32,94,100,4.12
283,Kulhudhuffushi,MV,2022-04-13 10:45:19,6.6221,73.07,29.31,71,67,5.7
284,Pakxan,LA,2022-04-13 10:45:19,18.3778,103.6601,29.92,47,71,2.39
285,Sambava,MG,2022-04-13 10:45:19,-14.2667,50.1667,27.93,70,67,5.15
286,Lavrentiya,RU,2022-04-13 10:45:20,65.5833,-171.0,-10.0,88,96,5.11
287,Midland,US,2022-04-13 10:43:44,31.9974,-102.0779,22.37,27,0,6.17
288,Verkh-Usugli,RU,2022-04-13 10:45:20,52.7,115.1667,-0.91,56,94,1.86
289,Neuquen,AR,2022-04-13 10:41:24,-38.9516,-68.0591,8.94,53,0,3.09
290,Sur,OM,2022-04-13 10:45:21,22.5667,59.5289,34.83,28,0,3.18
291,Vila,PT,2022-04-13 10:45:21,42.0304,-8.1588,9.28,91,93,1.25
292,Vila Velha,BR,2022-04-13 10:43:51,-20.3297,-40.2925,24.97,89,0,1.54
293,Camacha,PT,2022-04-13 10:45:21,33.0833,-16.3333,16.68,63,20,5.14
294,Yaan,NG,2022-04-13 10:45:22,7.3833,8.5667,31.97,49,93,3.32
295,Filingue,NE,2022-04-13 10:45:22,14.3521,3.3168,39.36,22,42,8.22
296,Maua,BR,2022-04-13 10:45:22,-23.6678,-46.4614,22.27,86,88,2.11
297,Hanover,DE,2022-04-13 10:45:23,52.3705,9.7332,22.74,47,0,1.54
298,Primo Tapia,MX,2022-04-13 10:45:23,32.22,-116.9172,10.88,69,0,1.09
299,Pendleton,US,2022-04-13 10:45:23,45.6721,-118.7886,1.16,89,100,2.06
300,Nanortalik,GL,2022-04-13 10:45:23,60.1432,-45.2371,2.02,76,94,1.92
301,Bati,ET,2022-04-13 10:45:24,11.1833,40.0167,29.71,19,9,5.8
302,Ust-Nera,RU,2022-04-13 10:45:24,64.5667,143.2,-18.35,100,66,0.83
303,San Patricio,US,2022-04-13 10:45:24,28.017,-97.5169,25.05,93,29,7.23
304,Richards Bay,ZA,2022-04-13 10:45:25,-28.783,32.0377,27.72,52,7,2.12
305,Leh,IN,2022-04-13 10:45:25,34.1667,77.5833,8.13,42,86,0.9
306,San Cristobal,VE,2022-04-13 10:45:25,7.7669,-72.225,20.1,76,99,1.72
307,Umba,RU,2022-04-13 10:45:26,66.6871,34.3429,0.8,93,97,1.69
308,Cockburn Town,TC,2022-04-13 10:41:26,21.4612,-71.1419,24.85,77,78,11.84
309,Darhan,MN,2022-04-13 10:45:26,49.4867,105.9228,1.5,58,100,5.5
310,Hermanus,ZA,2022-04-13 10:45:26,-34.4187,19.2345,22.11,79,48,3.8
311,Tucurui,BR,2022-04-13 10:45:27,-3.7661,-49.6725,24.26,95,98,0.44
312,Mopti,ML,2022-04-13 10:45:27,14.6667,-4.0,39.36,6,13,1.81
313,Luderitz,NA,2022-04-13 10:46:27,-26.6481,15.1594,22.16,59,20,6.02
314,Taoudenni,ML,2022-04-13 10:46:28,22.6783,-3.9836,34.08,9,0,4.31
315,Pangkalanbuun,ID,2022-04-13 10:43:31,-2.6833,111.6167,25.06,90,100,0.9
316,Haines Junction,CA,2022-04-13 10:46:28,60.7522,-137.5108,-16.03,72,6,1.03
317,Morant Bay,JM,2022-04-13 10:46:28,17.8815,-76.4093,24.79,85,15,3.48
318,Zhuhai,CN,2022-04-13 10:46:29,22.2769,113.5678,29.92,88,20,4.63
319,Itoman,JP,2022-04-13 10:46:29,26.1247,127.6694,24.01,83,20,6.17
320,Roma,US,2022-04-13 10:46:03,43.2128,-75.4557,9.93,63,20,1.54
321,Faya,SA,2022-04-13 10:46:29,18.3851,42.4509,27.06,35,80,4.11
322,Managua,NI,2022-04-13 10:46:30,12.1328,-86.2504,24.69,78,20,6.17
323,Rocha,UY,2022-04-13 10:46:30,-34.4833,-54.3333,13.72,65,66,2.38
324,Charlestown,AU,2022-04-13 10:46:30,-32.95,151.6667,17.05,97,86,1.34
325,Alofi,NU,2022-04-13 10:46:30,-19.0595,-169.9187,22.94,94,11,0.51
326,Kiyasovo,RU,2022-04-13 10:46:31,56.3491,53.1244,4.25,98,100,1.95
327,Bubaque,GW,2022-04-13 10:46:31,11.2833,-15.8333,23.6,73,96,3.65
328,Port Lincoln,AU,2022-04-13 10:46:31,-34.7333,135.8667,20.34,65,64,4.95
329,Buala,SB,2022-04-13 10:46:32,-8.145,159.5921,26.88,77,94,3.61
330,Wasilla,US,2022-04-13 10:44:27,61.5814,-149.4394,1.99,58,0,4.12
331,Pimentel,PE,2022-04-13 10:46:32,-6.8367,-79.9342,19.19,89,73,4.73
332,Pitangui,BR,2022-04-13 10:46:32,-19.6828,-44.8903,22.37,86,35,0.44
333,Faanui,PF,2022-04-13 10:46:33,-16.4833,-151.75,27.88,72,12,7.0
334,Rassvet,RU,2022-04-13 10:46:33,46.8333,40.75,7.86,95,100,2.4
335,Youkounkoun,GN,2022-04-13 10:46:33,12.5333,-13.1333,34.19,27,83,3.11
336,Gemena,CD,2022-04-13 10:46:34,3.25,19.7667,34.6,41,50,2.27
337,Cabra,ES,2022-04-13 10:44:40,37.4725,-4.4421,15.03,64,48,4.16
338,Pitsunda,GE,2022-04-13 10:46:34,43.1592,40.3378,6.1,89,100,0.88
339,Teknaf,BD,2022-04-13 10:46:34,20.8624,92.3058,29.73,68,52,5.81
340,Abha,SA,2022-04-13 10:46:35,18.2164,42.5053,26.9,14,20,3.6
341,Vao,NC,2022-04-13 10:46:35,-22.6667,167.4833,24.34,66,6,1.8
342,Bedesa,ET,2022-04-13 10:46:35,8.9,40.7833,26.12,40,71,3.75
343,Hambantota,LK,2022-04-13 10:46:35,6.1241,81.1185,28.19,94,40,3.6
344,Talnakh,RU,2022-04-13 10:46:36,69.4865,88.3972,0.67,99,100,3.65
345,Port Augusta,AU,2022-04-13 10:46:36,-32.5,137.7667,24.31,32,3,3.75
346,Uthal,PK,2022-04-13 10:46:36,25.8072,66.6219,34.34,37,0,7.34
347,Pinega,RU,2022-04-13 10:46:37,64.7001,43.3936,0.98,99,100,4.43
348,Tondano,ID,2022-04-13 10:46:37,1.3038,124.9112,23.05,95,98,0.58
349,Sosnovskoye,RU,2022-04-13 10:46:37,55.8052,43.167,14.25,66,68,3.06
350,Batagay,RU,2022-04-13 10:46:38,67.6333,134.6333,-12.42,98,100,1.31
351,Kavieng,PG,2022-04-13 10:46:38,-2.5744,150.7967,28.18,74,36,4.78
352,Channel-Port Aux Basques,CA,2022-04-13 10:46:38,47.5702,-59.1367,0.96,86,100,4.68
353,Pedernales,DO,2022-04-13 10:46:39,18.0384,-71.744,25.06,72,26,1.47
354,Baykit,RU,2022-04-13 10:46:39,61.67,96.37,2.24,90,100,5.04
355,Leningradskiy,RU,2022-04-13 10:46:39,69.3833,178.4167,-20.69,95,52,6.05
356,Yerbogachen,RU,2022-04-13 10:46:39,61.2767,108.0108,0.19,65,98,6.48
357,Hagere Selam,ET,2022-04-13 10:46:40,6.4833,38.5167,18.97,51,90,1.57
358,Saint-Francois,FR,2022-04-13 10:46:40,46.4154,3.9054,16.9,63,0,0.51
359,Imbituba,BR,2022-04-13 10:43:37,-28.24,-48.6703,22.68,88,39,2.77
360,Port Blair,IN,2022-04-13 10:44:04,11.6667,92.75,32.02,58,40,2.06
361,Piacabucu,BR,2022-04-13 10:47:40,-10.4056,-36.4344,26.98,73,51,1.34
362,Saint-Pierre,RE,2022-04-13 10:43:13,-21.3393,55.4781,25.82,87,75,11.32
363,Maceio,BR,2022-04-13 10:43:29,-9.6658,-35.7353,24.69,88,20,2.57
364,Okhotsk,RU,2022-04-13 10:47:41,59.3833,143.3,-8.55,86,49,2.18
365,Cap Malheureux,MU,2022-04-13 10:47:41,-19.9842,57.6142,28.04,77,12,4.92
366,Inhambane,MZ,2022-04-13 10:47:42,-23.865,35.3833,30.36,60,85,3.74
367,Nizhneudinsk,RU,2022-04-13 10:47:42,54.9076,99.0276,2.15,64,96,2.33
368,Padang,ID,2022-04-13 10:47:42,-0.9492,100.3543,30.03,79,58,1.34
369,Paungde,MM,2022-04-13 10:47:43,18.4833,95.5,39.88,18,3,2.54
370,Goderich,CA,2022-04-13 10:45:14,43.7501,-81.7165,13.18,71,94,5.66
371,Budogoshch,RU,2022-04-13 10:47:43,59.2816,32.4707,8.9,56,17,2.62
372,Zharkent,KZ,2022-04-13 10:47:43,44.1628,80.0,25.28,25,9,2.4
373,Falun,SE,2022-04-13 10:47:44,60.6036,15.626,7.9,55,100,3.42
374,Sao Jose Da Coroa Grande,BR,2022-04-13 10:47:44,-8.8978,-35.1478,26.82,78,43,1.41
375,Pandan,PH,2022-04-13 10:47:44,14.0453,124.1694,25.82,81,98,2.68
376,Dire Dawa,ET,2022-04-13 10:47:45,9.5931,41.8661,31.34,30,47,1.94
377,Nuoro,IT,2022-04-13 10:46:44,40.3211,9.3297,16.43,43,98,3.72
378,Neyshabur,IR,2022-04-13 10:47:45,36.2133,58.7958,28.63,9,4,2.05
379,Bengkulu,ID,2022-04-13 10:47:45,-3.8004,102.2655,27.56,75,64,1.69
380,Buchanan,LR,2022-04-13 10:47:45,5.8808,-10.0467,28.95,72,93,3.99
381,Huancavelica,PE,2022-04-13 10:47:46,-12.7667,-74.9833,-0.13,82,99,0.65
382,Kloulklubed,PW,2022-04-13 10:47:46,7.0419,134.2556,27.28,81,87,7.6
383,Gawler,AU,2022-04-13 10:45:14,-34.6,138.7333,21.25,36,0,4.26
384,Mindelo,CV,2022-04-13 10:47:46,16.8901,-24.9804,22.75,53,40,11.32
385,Rio Hato,PA,2022-04-13 10:47:47,8.3833,-80.1667,28.21,85,100,3.97
386,Hualmay,PE,2022-04-13 10:47:47,-11.0964,-77.6139,18.4,89,30,3.13
387,Wanaka,NZ,2022-04-13 10:47:47,-44.7,169.15,6.73,84,1,0.45
388,Sanok,PL,2022-04-13 10:47:48,49.5557,22.2056,13.92,100,45,2.36
389,Grindavik,IS,2022-04-13 10:47:48,63.8424,-22.4338,7.26,65,75,4.12
390,Wukari,NG,2022-04-13 10:47:48,7.85,9.7833,34.4,40,59,2.73
391,Yulara,AU,2022-04-13 10:47:48,-25.2406,130.9889,31.91,25,83,0.0
392,Palaikastron,GR,2022-04-13 10:47:49,35.2,26.25,16.11,52,22,5.19
393,Lazaro Cardenas,MX,2022-04-13 10:47:49,17.9583,-102.2,23.67,86,99,0.99
394,La Rioja,ES,2022-04-13 10:42:56,42.25,-2.5,11.88,60,96,3.66
395,Ilulissat,GL,2022-04-13 10:44:13,69.2167,-51.1,-10.91,90,99,1.54
396,Esperance,AU,2022-04-13 10:47:49,-33.8667,121.9,18.91,87,42,9.17
397,Coihaique,CL,2022-04-13 10:47:50,-45.5752,-72.0662,10.34,87,0,0.0
398,Mount Gambier,AU,2022-04-13 10:47:50,-37.8333,140.7667,12.95,88,0,2.06
399,Guadalupe Victoria,MX,2022-04-13 10:47:50,32.2869,-115.105,12.4,32,0,2.97
400,Pevek,RU,2022-04-13 10:47:51,69.7008,170.3133,-15.78,88,100,0.64
401,Durant,US,2022-04-13 10:47:51,33.994,-96.3708,24.2,73,100,6.17
402,Lumphat,KH,2022-04-13 10:47:51,13.4878,106.9816,32.36,43,60,1.45
403,Bairiki,KI,2022-04-13 10:47:52,1.3292,172.9752,27.0,89,20,2.06
404,Tucumcari,US,2022-04-13 10:46:20,35.1717,-103.725,7.91,36,0,6.69
405,Atar,MR,2022-04-13 10:47:52,20.5169,-13.0499,30.3,17,31,6.11
406,Mecca,SA,2022-04-13 10:48:52,21.4267,39.8261,38.98,13,13,7.09
407,Alekseyevsk,RU,2022-04-13 10:48:52,57.8406,108.3492,0.99,83,69,0.88
408,Belomorsk,RU,2022-04-13 10:48:53,64.5232,34.7668,2.79,83,85,2.35
409,Cururupu,BR,2022-04-13 10:48:53,-1.8283,-44.8683,25.72,93,98,1.87
410,Dawlatabad,AF,2022-04-13 10:48:53,36.4141,64.9053,31.23,13,0,2.52
411,Sao Gabriel Da Cachoeira,BR,2022-04-13 10:48:54,-0.1303,-67.0892,22.45,99,71,0.63
412,Bad Hall,AT,2022-04-13 10:48:54,48.0383,14.2077,17.28,59,91,0.89
413,Basco,PH,2022-04-13 10:48:54,20.4487,121.9702,25.79,74,18,1.62
414,Tiksi,RU,2022-04-13 10:48:55,71.6872,128.8694,-23.14,100,95,1.52
415,Sturgeon Falls,CA,2022-04-13 10:48:55,46.3646,-79.9326,7.27,92,100,4.21
416,Nouadhibou,MR,2022-04-13 10:48:55,20.931,-17.0347,19.99,64,0,9.77
417,Masvingo,ZW,2022-04-13 10:48:55,-20.0637,30.8277,28.47,36,46,1.66
418,Hay River,CA,2022-04-13 10:48:56,60.8156,-115.7999,-21.01,77,20,1.03
419,Labuhan,ID,2022-04-13 10:48:56,-6.8844,112.2051,27.48,74,45,2.64
420,Narok,KE,2022-04-13 10:48:56,-1.0783,35.8601,24.86,40,82,4.37
421,Cuza Voda,RO,2022-04-13 10:48:57,44.2667,27.2667,14.44,6,7,2.24
422,Olafsvik,IS,2022-04-13 10:48:57,64.8945,-23.7142,3.82,66,100,3.87
423,Umm Lajj,SA,2022-04-13 10:48:57,25.0213,37.2685,25.97,58,17,7.91
424,Silver City,US,2022-04-13 10:48:58,32.7701,-108.2803,3.98,18,0,6.26
425,Rincon,US,2022-04-13 10:48:58,32.296,-81.2354,19.36,94,20,1.54
426,Saint Anthony,US,2022-04-13 10:48:58,45.0205,-93.218,8.36,93,100,3.6
427,Selizharovo,RU,2022-04-13 10:48:59,56.8519,33.4487,7.43,64,78,4.65
428,Bongaigaon,IN,2022-04-13 10:48:59,26.4782,90.5568,31.12,55,61,1.55
429,Biak,ID,2022-04-13 10:48:59,-0.9131,122.8766,26.36,79,80,0.62
430,Plettenberg Bay,ZA,2022-04-13 10:48:59,-34.0527,23.3716,23.55,61,21,4.23
431,Obihiro,JP,2022-04-13 10:49:00,42.9172,143.2044,2.67,73,100,2.65
432,Lovozero,RU,2022-04-13 10:49:00,68.005,35.0117,-0.63,80,87,1.34
433,Bontang,ID,2022-04-13 10:49:00,0.1333,117.5,25.47,85,100,0.1
434,Lyuban,BY,2022-04-13 10:49:01,52.7985,28.0048,10.61,41,100,7.86
435,Karcag,HU,2022-04-13 10:49:01,47.3167,20.9333,13.85,38,21,3.38
436,Westport,US,2022-04-13 10:46:46,41.1415,-73.3579,12.42,58,0,3.09
437,Egvekinot,RU,2022-04-13 10:49:01,66.3167,-179.1667,-17.82,92,96,5.69
438,Morondava,MG,2022-04-13 10:49:02,-20.2833,44.2833,29.85,57,0,3.96
439,Te Anau,NZ,2022-04-13 10:49:02,-45.4167,167.7167,6.33,89,16,0.38
440,Pishin,PK,2022-04-13 10:49:02,30.5803,66.9961,26.61,6,0,8.0
441,Vila Franca Do Campo,PT,2022-04-13 10:49:03,37.7167,-25.4333,17.23,84,100,9.41
442,Atherton,GB,2022-04-13 10:49:03,53.5237,-2.4935,13.75,81,100,1.34
443,Nome,US,2022-04-13 10:49:03,64.5011,-165.4064,3.04,65,75,4.63
444,Ola,RU,2022-04-13 10:49:04,59.5833,151.2833,-6.94,67,99,5.12
445,Tolaga Bay,NZ,2022-04-13 10:49:04,-38.3667,178.3,14.73,93,100,14.4
446,Mitsamiouli,KM,2022-04-13 10:49:04,-11.3847,43.2844,28.25,71,100,2.51
447,Manzil Salim,TN,2022-04-13 10:49:05,35.8567,8.4765,18.59,42,72,8.11
448,Pauini,BR,2022-04-13 10:49:05,-7.7136,-66.9764,22.32,98,78,0.89
449,Auki,SB,2022-04-13 10:49:05,-8.7676,160.7034,24.87,83,74,2.33
450,North Bend,US,2022-04-13 10:49:05,43.4065,-124.2243,6.95,87,75,6.17
451,Sao Joao Da Barra,BR,2022-04-13 10:49:06,-21.6403,-41.0511,23.05,84,100,4.14
452,Shingu,JP,2022-04-13 10:49:06,33.7333,135.9833,18.98,88,39,2.33
453,Evensk,RU,2022-04-13 10:49:06,61.95,159.2333,-5.07,84,100,5.08
454,Pavlovskiy,RU,2022-04-13 10:50:07,57.8424,54.8436,11.17,67,46,3.36
455,Teocaltiche,MX,2022-04-13 10:49:06,21.4333,-102.5833,15.06,51,57,1.51
456,Usoke,TZ,2022-04-13 10:50:07,-5.1667,32.35,29.07,45,50,2.01
457,Metu,ET,2022-04-13 10:50:08,8.3,35.5833,25.76,41,65,0.91
458,Kutum,SD,2022-04-13 10:50:08,14.2,24.6667,33.1,9,3,5.12
459,Chernyshevskiy,RU,2022-04-13 10:50:08,63.0128,112.4714,-1.66,80,100,5.68
460,Riosucio,CO,2022-04-13 10:50:09,5.4216,-75.7032,14.36,98,100,0.24
461,Arandis,NA,2022-04-13 10:50:09,-22.4167,14.9667,30.66,22,16,3.8
462,Muisne,EC,2022-04-13 10:50:09,0.6,-80.0333,24.37,90,100,3.83
463,Samarai,PG,2022-04-13 10:50:09,-10.6167,150.6667,28.89,75,35,5.39
464,Juybar,IR,2022-04-13 10:50:10,36.6412,52.9124,17.09,66,61,3.98
465,Phalombe,MW,2022-04-13 10:50:10,-15.8064,35.6507,25.79,74,43,1.83
466,Margate,GB,2022-04-13 10:50:10,51.3813,1.3862,16.6,73,98,1.79
467,Bermejo,AR,2022-04-13 10:48:14,-32.8833,-68.8,9.95,62,0,0.0
468,Pinillos,CO,2022-04-13 10:50:11,8.9193,-74.4677,24.1,97,99,1.07
469,Bukachacha,RU,2022-04-13 10:50:11,52.9833,116.9167,-1.5,63,80,1.88
470,Coari,BR,2022-04-13 10:50:12,-4.085,-63.1414,23.36,98,100,1.14
471,Kafanchan,NG,2022-04-13 10:50:12,9.5833,8.3,32.59,36,94,2.99
472,Kristiinankaupunki,FI,2022-04-13 10:50:12,62.2743,21.376,4.31,74,94,4.74
473,Bosaso,SO,2022-04-13 10:50:12,11.2842,49.1816,29.99,79,0,6.69
474,Salalah,OM,2022-04-13 10:50:13,17.0151,54.0924,33.68,41,0,5.85
475,Shalakusha,RU,2022-04-13 10:50:13,62.2247,40.2539,1.24,100,100,3.18
476,Birjand,IR,2022-04-13 10:50:13,32.8663,59.2211,29.26,5,20,4.12
477,Verkhnevilyuysk,RU,2022-04-13 10:50:14,63.4453,120.3167,-2.18,90,100,2.31
478,Qitaihe,CN,2022-04-13 10:50:14,45.8,130.85,5.41,43,52,0.84
479,Puerto Escondido,MX,2022-04-13 10:45:43,15.85,-97.0667,25.79,76,72,3.88
480,Conde,BR,2022-04-13 10:50:14,-7.2597,-34.9075,25.7,89,20,1.54
481,Diffa,NE,2022-04-13 10:50:15,13.3154,12.6113,38.61,20,70,1.45
482,Naze,JP,2022-04-13 10:50:15,28.3667,129.4833,20.51,90,64,5.29
483,Brawley,US,2022-04-13 10:50:15,32.9787,-115.5303,14.45,53,0,3.6
484,Homer,US,2022-04-13 10:50:16,59.6425,-151.5483,1.56,72,0,1.34
485,Tonota,BW,2022-04-13 10:50:16,-21.4833,27.4833,31.85,20,55,1.48
486,Nemuro,JP,2022-04-13 10:50:16,43.3236,145.575,0.53,84,100,8.55
487,Alyangula,AU,2022-04-13 10:50:17,-13.8483,136.4192,28.93,79,40,2.06
488,Cervo,ES,2022-04-13 10:50:17,43.6702,-7.4101,13.87,84,98,4.22
489,Yinchuan,CN,2022-04-13 10:46:25,38.4681,106.2731,11.65,21,100,3.89
490,Kahului,US,2022-04-13 10:50:17,20.8947,-156.47,23.8,73,20,5.36
491,Chauk,MM,2022-04-13 10:50:18,20.8833,94.8167,39.81,19,4,7.66
492,Poum,NC,2022-04-13 10:50:18,-20.2333,164.0167,25.46,67,0,6.09
493,Kathu,TH,2022-04-13 10:50:18,7.9178,98.3332,32.05,72,99,5.83
494,Aksarka,RU,2022-04-13 10:50:19,66.5606,67.7975,1.36,100,100,1.8
495,Zhangye,CN,2022-04-13 10:50:19,38.9342,100.4517,11.99,19,99,3.85
496,Immokalee,US,2022-04-13 10:50:19,26.4187,-81.4173,18.97,91,66,2.88
497,Nantucket,US,2022-04-13 10:46:21,41.2835,-70.0995,7.79,89,0,0.0
498,Anadyr,RU,2022-04-13 10:50:20,64.75,177.4833,-3.72,93,100,12.0
499,West Bay,KY,2022-04-13 10:50:20,19.3667,-81.4167,26.11,87,26,0.89
500,Barra Da Estiva,BR,2022-04-13 10:50:20,-13.6261,-41.3269,22.19,69,22,1.76
501,Dembi Dolo,ET,2022-04-13 10:50:20,8.5333,34.8,25.85,38,56,1.53
502,Alenquer,BR,2022-04-13 10:46:08,-1.9417,-54.7383,23.77,92,94,1.14
503,Rawson,AR,2022-04-13 10:51:21,-43.3002,-65.1023,11.02,63,38,4.34
504,Tual,ID,2022-04-13 10:51:21,-5.6667,132.75,29.05,72,99,2.47
505,Polunochnoye,RU,2022-04-13 10:51:21,60.8697,60.4153,7.13,93,95,2.08
506,Rio Grande,BR,2022-04-13 10:51:22,-32.035,-52.0986,16.06,61,70,3.78
507,Aykhal,RU,2022-04-13 10:51:22,66.0,111.5,-4.79,95,100,7.79
508,Middletown,US,2022-04-13 10:49:28,39.5151,-84.3983,18.83,85,40,4.12
509,Marsa Matruh,EG,2022-04-13 10:51:22,31.3525,27.2453,18.11,52,40,5.66
510,Fort Frances,CA,2022-04-13 10:51:23,48.5999,-93.4003,2.12,70,100,5.66
511,Moose Jaw,CA,2022-04-13 10:51:23,50.4001,-105.5344,-7.85,73,100,8.75
512,College,US,2022-04-13 10:51:23,64.8569,-147.8028,-1.34,72,40,1.54
513,Okha,RU,2022-04-13 10:51:24,53.5739,142.9478,-6.86,87,93,2.58
514,Ko Samui,TH,2022-04-13 10:49:04,9.5357,99.9357,32.95,66,20,2.06
515,Karabash,RU,2022-04-13 10:51:24,55.4808,60.2157,5.66,95,100,2.07
516,Melbourne,US,2022-04-13 10:48:08,28.0836,-80.6081,23.31,83,0,4.63
517,Dicabisagan,PH,2022-04-13 10:51:24,17.0818,122.4157,25.32,79,86,0.62
518,Codrington,AU,2022-04-13 10:51:25,-38.2667,141.9667,12.47,93,0,3.11
519,Seabra,BR,2022-04-13 10:51:25,-12.4186,-41.7703,21.65,76,18,1.43
520,Vanimo,PG,2022-04-13 10:51:25,-2.6741,141.3028,26.39,82,18,2.12
521,Esil,KZ,2022-04-13 10:51:25,51.9556,66.4042,17.05,41,61,6.84
522,Surt,LY,2022-04-13 10:51:26,31.2089,16.5887,23.62,38,38,8.81
523,Amurzet,RU,2022-04-13 10:51:26,47.6967,131.0981,3.03,51,33,2.6
524,Tilichiki,RU,2022-04-13 10:51:27,60.4667,166.1,-9.4,93,100,3.98
525,Xuanhua,CN,2022-04-13 10:51:27,40.6103,115.0447,13.61,11,29,5.97
526,Marsh Harbour,BS,2022-04-13 10:51:27,26.5412,-77.0636,23.23,64,85,7.31
527,Whyalla,AU,2022-04-13 10:51:27,-33.0333,137.5833,21.94,64,5,2.06
528,Sinnai,IT,2022-04-13 10:51:28,39.3042,9.2036,17.25,65,40,9.77
529,Ambon,ID,2022-04-13 10:51:28,-3.6954,128.1814,26.08,89,40,2.06
530,Nizhneangarsk,RU,2022-04-13 10:51:28,55.7833,109.55,-4.53,82,8,1.27
531,Chepareria,KE,2022-04-13 10:51:29,1.3077,35.2039,27.86,30,61,3.07
532,Manali,IN,2022-04-13 10:51:29,13.1667,80.2667,33.05,77,66,5.41
533,Pangnirtung,CA,2022-04-13 10:51:29,66.1451,-65.7125,-19.0,84,100,3.09
534,Kambove,CD,2022-04-13 10:51:30,-10.8764,26.5969,24.27,64,41,2.57
535,Brainerd,US,2022-04-13 10:51:30,46.358,-94.2008,4.16,87,100,2.57
536,Makakilo City,US,2022-04-13 10:51:30,21.3469,-158.0858,23.18,72,0,5.14
537,Horadiz,AZ,2022-04-13 10:51:31,39.4488,47.3353,19.43,36,0,5.48
538,Ashqelon,IL,2022-04-13 10:51:31,31.6693,34.5715,22.66,54,40,4.55
539,Nowy Dwor Gdanski,PL,2022-04-13 10:51:31,54.2131,19.1177,14.0,40,42,3.86
540,Port-Gentil,GA,2022-04-13 10:51:31,-0.7193,8.7815,29.98,70,20,3.09
541,Kavaratti,IN,2022-04-13 10:51:32,10.5669,72.642,29.85,65,96,1.85
542,Kurilsk,RU,2022-04-13 10:51:32,45.2333,147.8833,-0.63,81,100,5.23
543,Poya,NC,2022-04-13 10:51:32,-21.35,165.15,22.21,78,3,1.18
544,Khandyga,RU,2022-04-13 10:51:33,62.6667,135.6,-11.55,96,65,1.07
545,Mount Isa,AU,2022-04-13 10:51:33,-20.7333,139.5,26.87,29,36,2.06
546,Hervey Bay,AU,2022-04-13 10:51:33,-25.2986,152.8535,21.12,82,19,3.13
547,Wilmington,US,2022-04-13 10:50:48,34.2257,-77.9447,18.25,90,0,1.54
548,Nizhnyaya Omka,RU,2022-04-13 10:51:34,55.4338,74.9426,12.51,39,0,5.91
549,Skibbereen,IE,2022-04-13 10:51:34,51.55,-9.2667,12.28,77,9,2.14
550,Santa Cruz,BO,2022-04-13 10:52:11,-17.8,-63.1667,24.03,100,75,6.17
551,Ponca City,US,2022-04-13 10:52:34,36.707,-97.0856,12.98,37,100,12.35
552,Abu Dhabi,AE,2022-04-13 10:48:25,24.4667,54.3667,38.06,26,0,4.63
553,Constitucion,CL,2022-04-13 10:52:35,-35.3333,-72.4167,9.52,61,2,3.8
554,Kishtwar,IN,2022-04-13 10:52:35,33.3167,75.7667,22.14,38,89,1.83
555,Tambovka,RU,2022-04-13 10:52:35,50.0969,128.0489,2.62,52,85,2.84
556,Palmer,US,2022-04-13 10:52:36,42.1584,-72.3287,9.2,72,100,0.0
557,San Felipe,VE,2022-04-13 10:52:36,10.3399,-68.7425,22.42,93,100,1.58
558,Srednekolymsk,RU,2022-04-13 10:52:36,67.45,153.6833,-21.38,100,7,1.15
559,Kuala Terengganu,MY,2022-04-13 10:52:37,5.3302,103.1408,27.97,83,20,1.54
560,Moerai,PF,2022-04-13 10:52:37,-22.4333,-151.3333,26.84,75,93,6.0
561,Sibolga,ID,2022-04-13 10:52:37,1.7427,98.7792,27.43,82,94,1.07
562,Dobsice,CZ,2022-04-13 10:52:37,48.8483,16.0822,18.25,51,51,6.91
563,Ust-Ilimsk,RU,2022-04-13 10:52:38,58.0006,102.6619,2.33,73,17,1.57
564,Turukhansk,RU,2022-04-13 10:52:38,65.8167,87.9833,1.14,100,100,6.95
565,Kenai,US,2022-04-13 10:52:16,60.5544,-151.2583,0.61,88,0,3.09
566,Arica,CL,2022-04-13 10:52:38,-18.475,-70.3042,18.13,63,100,3.09
567,Brae,GB,2022-04-13 10:52:39,60.3964,-1.353,6.02,90,100,7.03
568,Yima,CN,2022-04-13 10:52:39,34.7381,111.8839,15.4,38,4,3.93
569,Jaicos,BR,2022-04-13 10:52:39,-7.3592,-41.1378,26.33,68,66,2.66
570,Narsaq,GL,2022-04-13 10:52:40,60.9167,-46.05,3.58,61,100,2.25
571,Riyadh,SA,2022-04-13 10:50:41,24.6877,46.7219,36.08,9,81,1.9
572,Karratha,AU,2022-04-13 10:52:40,-20.7377,116.8463,29.03,46,1,3.32
573,Gubkinskiy,RU,2022-04-13 10:52:40,64.434,76.5026,1.46,100,89,7.83
574,Kupang,ID,2022-04-13 10:52:41,-10.1667,123.5833,27.16,74,63,3.44
575,Saint-Joseph,RE,2022-04-13 10:52:41,-21.3667,55.6167,25.21,81,78,6.58
